{"cameraMode":{"drawMode":0,"name":"Shaded","section":"Shading Mode"},"sceneLighting":true,"audioPlay":false,"sceneViewState":{"showFog":true,"showMaterialUpdate":true,"showSkybox":true,"showFlares":true,"showImageEffects":true,"showParticleSystems":true},"in2DMode":false,"pivot":{"x":-4.400000095367432,"y":9.199999809265137,"z":6.5},"rotation":{"x":0.5302502512931824,"y":0.0025436587166041137,"z":-0.001590659492649138,"w":0.8478360176086426},"size":17.647891998291017,"orthographic":false}