{"cameraMode":{"drawMode":0,"name":"Shaded","section":"Shading Mode"},"sceneLighting":false,"audioPlay":false,"sceneViewState":{"showFog":true,"showMaterialUpdate":true,"showSkybox":false,"showFlares":true,"showImageEffects":true,"showParticleSystems":true},"in2DMode":false,"pivot":{"x":1.8463337421417237,"y":0.0,"z":-0.12000000476837158},"rotation":{"x":0.389326274394989,"y":0.000001512008907411655,"z":-9.864839256579217e-8,"w":0.9211064577102661},"size":1.5155444145202637,"orthographic":false}