{"cameraMode":{"drawMode":0,"name":"Shaded","section":"Shading Mode"},"sceneLighting":true,"audioPlay":false,"sceneViewState":{"showFog":true,"showMaterialUpdate":true,"showSkybox":true,"showFlares":true,"showImageEffects":true,"showParticleSystems":true},"in2DMode":false,"pivot":{"x":0.6884446144104004,"y":3.1781005859375,"z":7.195412635803223},"rotation":{"x":0.0011313038412481547,"y":0.9394338130950928,"z":-0.3427175283432007,"w":0.003101034788414836},"size":10.0,"orthographic":false}