{"cameraMode":{"drawMode":0,"name":"Shaded","section":"Shading Mode"},"sceneLighting":true,"audioPlay":false,"sceneViewState":{"showFog":true,"showMaterialUpdate":true,"showSkybox":true,"showFlares":true,"showImageEffects":true,"showParticleSystems":true},"in2DMode":false,"pivot":{"x":-0.39928293228149416,"y":1.2095110416412354,"z":-0.8549060225486755},"rotation":{"x":0.4580589532852173,"y":-0.0013376021524891258,"z":0.0006889100768603385,"w":0.8889229893684387},"size":11.136713027954102,"orthographic":false}